first,second,first_n,second_n,first_mean,second_mean,test,p_value,holm_p,mean_difference_ci95_low,mean_difference_ci95_high,effect_size,effect_size_method,seed_sets_match,first_input,second_input
random,heuristic,10000,10000,1087.522000,8030.513600,paired_exact_sign_test,0.00000000,0.00000000,-7010.981430,-6874.706890,-1.988587,cohens_dz_paired,true,reports/action-frequency/independent-50-game-seeds-2026-09-27/random-10000.csv,reports/action-frequency/independent-50-game-seeds-2026-09-27/heuristic-10000.csv
random,reports/candidate_classifier_pilot/2026-09-27-independent-50-game/models/random_forest.policy.json,10000,10000,1087.522000,858.290000,paired_exact_sign_test,0.00000000,0.00000000,215.817070,242.239170,0.339908,cohens_dz_paired,true,reports/action-frequency/independent-50-game-seeds-2026-09-27/random-10000.csv,reports/action-frequency/independent-50-game-seeds-2026-09-27/random_forest-10000.csv
random,reports/candidate_classifier_pilot/2026-09-27-independent-50-game/models/extra_trees.policy.json,10000,10000,1087.522000,814.123600,paired_exact_sign_test,0.00000000,0.00000000,260.322670,286.005880,0.416223,cohens_dz_paired,true,reports/action-frequency/independent-50-game-seeds-2026-09-27/random-10000.csv,reports/action-frequency/independent-50-game-seeds-2026-09-27/extra_trees-10000.csv
random,reports/candidate_classifier_pilot/2026-09-27-independent-50-game/models/adaboost.policy.json,10000,10000,1087.522000,710.541200,paired_exact_sign_test,0.00000000,0.00000000,364.266760,390.173830,0.572112,cohens_dz_paired,true,reports/action-frequency/independent-50-game-seeds-2026-09-27/random-10000.csv,reports/action-frequency/independent-50-game-seeds-2026-09-27/adaboost-10000.csv
random,reports/candidate_classifier_pilot/2026-09-27-independent-50-game/models/knn.policy.json,10000,10000,1087.522000,918.625200,paired_exact_sign_test,0.00000000,0.00000000,155.430100,182.603080,0.242860,cohens_dz_paired,true,reports/action-frequency/independent-50-game-seeds-2026-09-27/random-10000.csv,reports/action-frequency/independent-50-game-seeds-2026-09-27/knn-10000.csv
random,reports/candidate_classifier_pilot/2026-09-27-independent-50-game/models/naive_bayes.policy.json,10000,10000,1087.522000,757.872400,paired_exact_sign_test,0.00000000,0.00000000,316.582310,342.714020,0.489954,cohens_dz_paired,true,reports/action-frequency/independent-50-game-seeds-2026-09-27/random-10000.csv,reports/action-frequency/independent-50-game-seeds-2026-09-27/naive_bayes-10000.csv
heuristic,reports/candidate_classifier_pilot/2026-09-27-independent-50-game/models/random_forest.policy.json,10000,10000,8030.513600,858.290000,paired_exact_sign_test,0.00000000,0.00000000,7105.908210,7241.139050,2.055040,cohens_dz_paired,true,reports/action-frequency/independent-50-game-seeds-2026-09-27/heuristic-10000.csv,reports/action-frequency/independent-50-game-seeds-2026-09-27/random_forest-10000.csv
heuristic,reports/candidate_classifier_pilot/2026-09-27-independent-50-game/models/extra_trees.policy.json,10000,10000,8030.513600,814.123600,paired_exact_sign_test,0.00000000,0.00000000,7147.979220,7285.165420,2.074037,cohens_dz_paired,true,reports/action-frequency/independent-50-game-seeds-2026-09-27/heuristic-10000.csv,reports/action-frequency/independent-50-game-seeds-2026-09-27/extra_trees-10000.csv
heuristic,reports/candidate_classifier_pilot/2026-09-27-independent-50-game/models/adaboost.policy.json,10000,10000,8030.513600,710.541200,paired_exact_sign_test,0.00000000,0.00000000,7250.730690,7386.426660,2.103067,cohens_dz_paired,true,reports/action-frequency/independent-50-game-seeds-2026-09-27/heuristic-10000.csv,reports/action-frequency/independent-50-game-seeds-2026-09-27/adaboost-10000.csv
heuristic,reports/candidate_classifier_pilot/2026-09-27-independent-50-game/models/knn.policy.json,10000,10000,8030.513600,918.625200,paired_exact_sign_test,0.00000000,0.00000000,7043.343600,7179.898360,2.037476,cohens_dz_paired,true,reports/action-frequency/independent-50-game-seeds-2026-09-27/heuristic-10000.csv,reports/action-frequency/independent-50-game-seeds-2026-09-27/knn-10000.csv
heuristic,reports/candidate_classifier_pilot/2026-09-27-independent-50-game/models/naive_bayes.policy.json,10000,10000,8030.513600,757.872400,paired_exact_sign_test,0.00000000,0.00000000,7203.131650,7341.904210,2.087820,cohens_dz_paired,true,reports/action-frequency/independent-50-game-seeds-2026-09-27/heuristic-10000.csv,reports/action-frequency/independent-50-game-seeds-2026-09-27/naive_bayes-10000.csv
reports/candidate_classifier_pilot/2026-09-27-independent-50-game/models/random_forest.policy.json,reports/candidate_classifier_pilot/2026-09-27-independent-50-game/models/extra_trees.policy.json,10000,10000,858.290000,814.123600,paired_exact_sign_test,0.00000000,0.00000000,33.003080,55.523060,0.076538,cohens_dz_paired,true,reports/action-frequency/independent-50-game-seeds-2026-09-27/random_forest-10000.csv,reports/action-frequency/independent-50-game-seeds-2026-09-27/extra_trees-10000.csv
reports/candidate_classifier_pilot/2026-09-27-independent-50-game/models/random_forest.policy.json,reports/candidate_classifier_pilot/2026-09-27-independent-50-game/models/adaboost.policy.json,10000,10000,858.290000,710.541200,paired_exact_sign_test,0.00000000,0.00000000,136.615740,158.995330,0.259832,cohens_dz_paired,true,reports/action-frequency/independent-50-game-seeds-2026-09-27/random_forest-10000.csv,reports/action-frequency/independent-50-game-seeds-2026-09-27/adaboost-10000.csv
reports/candidate_classifier_pilot/2026-09-27-independent-50-game/models/random_forest.policy.json,reports/candidate_classifier_pilot/2026-09-27-independent-50-game/models/knn.policy.json,10000,10000,858.290000,918.625200,paired_exact_sign_test,0.00000000,0.00000000,-72.427070,-47.939510,-0.097996,cohens_dz_paired,true,reports/action-frequency/independent-50-game-seeds-2026-09-27/random_forest-10000.csv,reports/action-frequency/independent-50-game-seeds-2026-09-27/knn-10000.csv
reports/candidate_classifier_pilot/2026-09-27-independent-50-game/models/random_forest.policy.json,reports/candidate_classifier_pilot/2026-09-27-independent-50-game/models/naive_bayes.policy.json,10000,10000,858.290000,757.872400,paired_exact_sign_test,0.00000000,0.00000000,89.117610,111.825200,0.170670,cohens_dz_paired,true,reports/action-frequency/independent-50-game-seeds-2026-09-27/random_forest-10000.csv,reports/action-frequency/independent-50-game-seeds-2026-09-27/naive_bayes-10000.csv
reports/candidate_classifier_pilot/2026-09-27-independent-50-game/models/extra_trees.policy.json,reports/candidate_classifier_pilot/2026-09-27-independent-50-game/models/adaboost.policy.json,10000,10000,814.123600,710.541200,paired_exact_sign_test,0.00000000,0.00000000,93.245460,114.229240,0.190993,cohens_dz_paired,true,reports/action-frequency/independent-50-game-seeds-2026-09-27/extra_trees-10000.csv,reports/action-frequency/independent-50-game-seeds-2026-09-27/adaboost-10000.csv
reports/candidate_classifier_pilot/2026-09-27-independent-50-game/models/extra_trees.policy.json,reports/candidate_classifier_pilot/2026-09-27-independent-50-game/models/knn.policy.json,10000,10000,814.123600,918.625200,paired_exact_sign_test,0.00000000,0.00000000,-116.355920,-92.791700,-0.175348,cohens_dz_paired,true,reports/action-frequency/independent-50-game-seeds-2026-09-27/extra_trees-10000.csv,reports/action-frequency/independent-50-game-seeds-2026-09-27/knn-10000.csv
reports/candidate_classifier_pilot/2026-09-27-independent-50-game/models/extra_trees.policy.json,reports/candidate_classifier_pilot/2026-09-27-independent-50-game/models/naive_bayes.policy.json,10000,10000,814.123600,757.872400,paired_exact_sign_test,0.00000000,0.00000000,44.884300,67.842940,0.099678,cohens_dz_paired,true,reports/action-frequency/independent-50-game-seeds-2026-09-27/extra_trees-10000.csv,reports/action-frequency/independent-50-game-seeds-2026-09-27/naive_bayes-10000.csv
reports/candidate_classifier_pilot/2026-09-27-independent-50-game/models/adaboost.policy.json,reports/candidate_classifier_pilot/2026-09-27-independent-50-game/models/knn.policy.json,10000,10000,710.541200,918.625200,paired_exact_sign_test,0.00000000,0.00000000,-219.578840,-196.672970,-0.353924,cohens_dz_paired,true,reports/action-frequency/independent-50-game-seeds-2026-09-27/adaboost-10000.csv,reports/action-frequency/independent-50-game-seeds-2026-09-27/knn-10000.csv
reports/candidate_classifier_pilot/2026-09-27-independent-50-game/models/adaboost.policy.json,reports/candidate_classifier_pilot/2026-09-27-independent-50-game/models/naive_bayes.policy.json,10000,10000,710.541200,757.872400,paired_exact_sign_test,0.00000000,0.00000000,-58.638120,-35.874630,-0.084463,cohens_dz_paired,true,reports/action-frequency/independent-50-game-seeds-2026-09-27/adaboost-10000.csv,reports/action-frequency/independent-50-game-seeds-2026-09-27/naive_bayes-10000.csv
reports/candidate_classifier_pilot/2026-09-27-independent-50-game/models/knn.policy.json,reports/candidate_classifier_pilot/2026-09-27-independent-50-game/models/naive_bayes.policy.json,10000,10000,918.625200,757.872400,paired_exact_sign_test,0.00000000,0.00000000,149.286620,172.539950,0.266574,cohens_dz_paired,true,reports/action-frequency/independent-50-game-seeds-2026-09-27/knn-10000.csv,reports/action-frequency/independent-50-game-seeds-2026-09-27/naive_bayes-10000.csv
